method,precision,recall,f1score,true_positives,false_positives,false_negatives
new,0.3304825,0.13874999999999998,0.1687375,2.775,0.3,17.225
old,0.325,0.06,0.09681500000000001,1.2,0.0,18.8
